{
  "vertex": [
    "[-4; 24; 0; -4; 28; 0]"
  ],
  "variables": [
    "x",
    "y",
    "z",
    "vx",
    "vy",
    "vz"
  ],
  "initialSet": [
    [
      -4.5,
      23.5,
      0.004979900498434969,
      0.5,
      0.5,
      0.5
    ],
    [
      -3.5,
      24.48745473657668,
      0.14497770142618693,
      0.5,
      0.5,
      0.5
    ]
  ],
  "timeHorizon": 10,
  "directory": "examples/NNquadrotor"
}
