{
  "vertex": [
    "[0; -3; 0; 0; 0; 0]"
  ],
  "variables": [
    "x",
    "y",
    "z",
    "vx",
    "vy",
    "vz"
  ],
  "initialSet": [
    [
      -0.7071067811865478,
      -3.707106781186466,
      -0.5,
      -0.7071067811865476,
      -1.0071067811865393,
      -0.5
    ],
    [
      0.7071067811865474,
      -2.292893218813371,
      0.5,
      0.7071067811865475,
      0.40710678118655563,
      0.5
    ]
  ],
  "timeHorizon": 10.0,
  "directory": "multvr/examples/Linear3D"
}