{
  "vertex": [
    "[-3; 0; 0; 0]"
  ],
  "variables": [
    "x",
    "y",
    "theta"
  ],
  "initialSet": [
    [
      -3.222959549641705,
      0.23655893894904256,
      -1.806854695764991
    ],
    [
      -2.8599670791079643,
      0.40000000000000036,
      -1.4058874681802431
    ]
  ],
  "timeHorizon": 3,
  "directory": "multvr/examples/NNcar"
}