{
  "vertex": [
    "[-3; 0; 0; 0]"
  ],
  "variables": [
    "x",
    "y",
    "theta"
  ],
  "initialSet": [
    [
      -3.0183111151986486,
      -0.40000000000000013,
      1.5504910760994113
    ],
    [
      -3.00679376817997,
      -0.24271282851734965,
      1.5631398153116902
    ]
  ],
  "timeHorizon": 3,
  "directory": "examples/models/NN_car_TR_noNN",
  "seed": 4
}