{
  "vertex": [
    "[-3; 0; 0; 0]"
  ],
  "variables": [
    "x",
    "y",
    "theta"
  ],
  "initialSet": [
    [
      -3.141421356237228,
      -0.14142135623730934,
      -0.8853981633974483
    ],
    [
      -2.8585786437626095,
      0.14142135623730867,
      -0.6853981633974483
    ]
  ],
  "timeHorizon": 3.0,
  "directory": "multvr/examples/NNquadrotor_noNN"
}