{
  "vertex": [
    "[0; -3; 0; 0; 0; 0]"
  ],
  "variables": [
    "x",
    "y",
    "theta",
    "vx",
    "vy",
    "vtheta"
  ],
  "initialSet": [
    [
      0.020333900562025775,
      -3.5,
      0.023053692637869716,
      -0.40641161832650335,
      -0.08797378331016686,
      -0.8966219789377564
    ],
    [
      0.11008329448395848,
      -3.26675571043803,
      0.13430937945690324,
      0.35719746166859034,
      0.6691135431000925,
      0.7375077915337334
    ]
  ],
  "timeHorizon": 10.0,
  "directory": "multvr/examples/NNquadrotor"
}